year,airport_iata,passengers,seats,departures_scheduled,departures_performed,long_haul_departures,long_haul_seats
2019,ATL,110500000,133939394,813203,797258,31890,5357576
2020,ATL,38675000,69684685,423086,414790,16592,2787387
2021,ATL,86190000,118882759,721788,707635,28305,4755310
2022,ATL,95030000,113130952,686867,673399,26936,4525238
2023,ATL,103870000,121485380,737590,723127,28925,4859415
2019,LAX,88100000,108098160,641048,628478,94272,16214724
2020,LAX,30835000,56577982,335521,328942,49341,8486697
2021,LAX,48455000,67769231,401887,394007,59101,10165385
2022,LAX,62551000,77223457,457953,448974,67346,11583519
2023,LAX,76647000,92345783,547632,536894,80534,13851867
2019,ORD,84600000,105093168,649667,636928,70062,11560248
2020,ORD,29610000,55345794,342138,335429,36897,6088037
2021,ORD,50760000,72000000,445091,436364,48000,7920000
2022,ORD,64296000,78890798,487689,478126,52594,8677988
2023,ORD,77832000,93773494,579690,568324,62516,10315084
2019,DFW,75100000,89940120,539641,529060,37034,6295808
2020,DFW,26285000,46522124,279133,273660,19156,3256549
2021,DFW,60080000,81741497,490449,480832,33658,5721905
2022,DFW,67590000,79988166,479929,470519,32936,5599172
2023,DFW,75100000,87836257,527018,516684,36168,6148538
2019,DEN,73000000,88484848,537230,526696,21068,3539394
2020,DEN,25550000,46036036,279504,274024,10961,1841441
2021,DEN,56940000,78537931,476838,467488,18700,3141517
2022,DEN,67525000,80386905,488063,478493,19140,3215476
2023,DEN,78110000,91356725,554666,543790,21752,3654269
2019,JFK,62600000,78742138,349204,342357,95860,22047799
2020,JFK,21910000,41733333,185078,181449,50806,11685333
2021,JFK,28796000,41433094,183747,180144,50440,11601266
2022,JFK,43507000,54725786,242697,237938,66623,15323220
2023,JFK,58218000,71874074,318746,312496,87499,20124741
2019,SFO,57900000,69341317,392935,385230,84751,15255090
2020,SFO,20265000,35867257,203248,199263,43838,7890797
2021,SFO,27792000,37812245,214269,210068,46215,8318694
2022,SFO,39082500,46526786,263652,258482,56866,10235893
2023,SFO,50373000,58573256,331915,325407,71590,12886116
2019,SEA,51800000,62787879,365964,358788,35879,6278788
2020,SEA,18130000,32666667,190400,186667,18667,3266667
2021,SEA,28490000,39296552,229043,224552,22455,3929655
2022,SEA,38850000,46526946,271185,265868,26587,4652695
2023,SEA,49210000,57894118,337440,330824,33082,5789412
2019,LAS,50700000,61454545,352155,345250,3452,614545
2020,LAS,17745000,31972973,183215,179623,1796,319730
2021,LAS,40560000,55944828,320583,314297,3143,559448
2022,LAS,47151000,56808434,325532,319149,3191,568084
2023,LAS,53742000,63978571,366619,359430,3594,639786
2019,CLT,50200000,61595092,380770,373304,7466,1231902
2020,CLT,17570000,32238532,199293,195385,3908,644771
2021,CLT,38654000,54061538,334199,327646,6553,1081231
2022,CLT,44176000,53546667,331016,324525,6490,1070933
2023,CLT,49698000,59518563,367933,360719,7214,1190371
2019,PHX,49300000,59757576,348301,341472,6829,1195152
2020,PHX,17255000,31090090,181211,177658,3553,621802
2021,PHX,38454000,53040000,309148,303086,6062,1060800
2022,PHX,44863000,53728144,313158,307018,6140,1074563
2023,PHX,51272000,60676923,353660,346725,6934,1213538
2019,MIA,45900000,54970060,280347,274850,43976,8795210
2020,MIA,16065000,28433628,145011,142168,22747,4549380
2021,MIA,33966000,46212245,235682,231061,36970,7393959
2022,MIA,41080500,48330000,246483,241650,38664,7732800
2023,MIA,48195000,55716763,284156,278584,44573,8914682
2019,IAH,44900000,55092025,315696,309506,27856,4958282
2020,IAH,15715000,28834862,165234,161994,14579,2595138
2021,IAH,29185000,40818182,233902,229316,20638,3673636
2022,IAH,36593500,44626220,255723,250709,22564,4016360
2023,IAH,44002000,53014458,303791,297834,26805,4771301
2019,EWR,46300000,57515528,300850,294951,50142,9777640
2020,EWR,16205000,30289720,158439,155332,26406,5149252
2021,EWR,27317000,38747518,202679,198705,33780,6587078
2022,EWR,35882500,44299383,231720,227176,38620,7530895
2023,EWR,44448000,53876364,281815,276289,46969,9158982
2019,BOS,40800000,48862275,289765,284083,14204,2443114
2020,BOS,14280000,25274336,149883,146944,7347,1263717
2021,BOS,25296000,34416327,204097,200095,10005,1720816
2022,BOS,34068000,40317160,239090,234402,11720,2015858
2023,BOS,42840000,49526012,293701,287942,14397,2476301
2019,MSP,38800000,47607362,289045,283377,8501,1428221
2020,MSP,13580000,24917431,151284,148318,4450,747523
2021,MSP,26384000,36900699,224040,219647,6589,1107021
2022,MSP,31622000,38563415,234135,229544,6886,1156902
2023,MSP,36860000,44409639,269630,264343,7930,1332289
2019,PHL,33000000,40490798,236004,231376,11569,2024540
2020,PHL,11550000,21192661,123523,121101,6055,1059633
2021,PHL,21450000,30000000,174858,171429,8571,1500000
2022,PHL,26235000,31993902,186478,182822,9141,1599695
2023,PHL,31020000,37373494,217834,213563,10678,1868675
2019,IAD,24900000,30181818,157875,154779,46434,9054545
2020,IAD,8715000,15702703,82138,80527,24158,4710811
2021,IAD,11205000,15455172,80842,79257,23777,4636552
2022,IAD,17305500,20850000,109061,106923,32077,6255000
2023,IAD,23406000,27699408,144889,142048,42614,8309822
2019,SAN,25200000,30545455,194727,190909,1909,305455
2020,SAN,8820000,15891892,101310,99324,993,158919
2021,SAN,16632000,22940690,146247,143379,1434,229407
2022,SAN,20538000,24596407,156803,153728,1537,245964
2023,SAN,24444000,28757647,183330,179735,1797,287576
2019,HNL,20600000,25590062,133856,131231,36745,7165217
2020,HNL,7210000,13476636,70493,69111,19351,3773458
2021,HNL,9888000,14025532,73365,71926,20139,3927149
2022,HNL,13699000,17017391,89014,87269,24435,4764869
2023,HNL,17510000,21484663,112382,110178,30850,6015706
2019,ANC,5500000,7006369,47643,46709,3737,560510
2020,ANC,1925000,3737864,25417,24919,1994,299029
2021,ANC,3410000,4978102,33851,33187,2655,398248
2022,ANC,4345000,5465409,37165,36436,2915,437233
2023,ANC,5280000,6518519,44326,43457,3477,521482
2019,OAK,13300000,16942675,104737,102683,0,0
2020,OAK,4655000,9038835,55877,54781,0,0
2021,OAK,6251000,9125547,56412,55306,0,0
2022,OAK,8844500,11195570,69209,67852,0,0
2023,OAK,11438000,14297500,88385,86652,0,0
2019,SJC,11400000,14522293,88171,86442,1729,290446
2020,SJC,3990000,7747573,47039,46117,922,154951
2021,SJC,5244000,7655474,46479,45568,911,153109
2022,SJC,7467000,9512102,57752,56620,1132,190242
2023,SJC,9690000,12188679,74003,72552,1451,243774
2019,SNA,10400000,12919255,87851,86128,861,129193
2020,SNA,3640000,6803738,46265,45358,454,68037
2021,SNA,6032000,8556028,58181,57040,570,85560
2022,SNA,8528000,10463804,71154,69759,698,104638
2023,SNA,11024000,13281928,90317,88546,885,132819
2019,BUR,4300000,5477707,37248,36518,0,0
2020,BUR,1505000,2922330,19872,19482,0,0
2021,BUR,2279000,3327007,22624,22180,0,0
2022,BUR,3182000,4027848,27389,26852,0,0
2023,BUR,4085000,5106250,34723,34042,0,0
2019,BDL,6500000,8176101,53804,52749,527,81761
2020,BDL,2275000,4333333,28516,27957,280,43333
2021,BDL,4030000,5798561,38158,37410,374,57986
2022,BDL,5200000,6459627,42508,41675,417,64596
2023,BDL,6370000,7768293,51120,50118,501,77683
2019,PVD,4100000,5222930,35516,34820,348,52229
2020,PVD,1435000,2786408,18948,18576,186,27864
2021,PVD,2542000,3710949,25235,24740,247,37109
2022,PVD,3280000,4151899,28233,27679,277,41519
2023,PVD,4018000,5022500,34153,33483,335,50225
2019,MHT,2600000,3312102,23299,22842,0,0
2020,MHT,910000,1766990,12430,12186,0,0
2021,MHT,1560000,2277372,16020,15706,0,0
2022,MHT,2080000,2616352,18405,18044,0,0
2023,MHT,2600000,3229814,22720,22275,0,0
2019,PWM,2200000,2767296,20161,19766,0,0
2020,PWM,770000,1466667,10686,10476,0,0
2021,PWM,1364000,1962590,14298,14018,0,0
2022,PWM,1837000,2281988,16626,16300,0,0
2023,PWM,2310000,2817073,20524,20122,0,0
